	Z	Initial_Ion	Initial Level	Final_Ion	Final Level	N	L	2S+1	Temperature (eV)	Rate
6042	14	0	1	105	32	12	0	2	8.617340e-02	4.442221e-10
6043	14	0	1	105	32	12	0	2	1.689170e+01	9.484190e-12
6044	14	0	1	105	32	12	0	2	1.689170e+02	1.042317e-12
6045	14	0	1	105	32	12	0	2	1.689170e+03	6.807696e-14
6046	14	0	1	105	32	12	0	2	8.617340e+03	7.447315e-15
