	Z	Initial_Ion	Initial Level	Final_Ion	Final Level	N	L	2S+1	Temperature	Rate
6042	14	0	1	105	32	12	0	2	2.585190e+00	4.442221e-10
6043	14	0	1	105	32	12	0	2	4.560534e+00	9.484190e-12
6044	14	0	1	105	32	12	0	2	5.422264e+00	1.042317e-12
6045	14	0	1	105	32	12	0	2	6.283994e+00	6.807696e-14
6046	14	0	1	105	32	12	0	2	6.893840e+00	7.447315e-15
