	Ion	r1	r2
12	104	2.100000e-10	7.650000e-01
