	Z	Ion	A	B	C	T0	T1	T2
76	14	103	2.017000e-10	5.588000e-01	5.318000e-02	6.494000e+03	5.693000e+07	1.874000e-01
