	Z	Ion	A	B	C	T0	T1	T2
75	14	102	4.633000e-10	6.602000e-01	1.205000e-03	1.088000e+03	2.896000e+07	1.309000e-02
