	Z	Ion	Initial Level	Final Level	Temperature	Rate
17335	14	101	126	1	1.000000e+01	1.500000e+01
