	Z	Ion	A	B	C	T0	T1	T2
74	14	101	1.851000e-09	7.384000e-01	2.214000e-04	6.906000e+01	1.644000e+07	1.260000e-03
