	Z	Ion	A	B	C	T0	T1	T2
73	14	100	1.688000e-09	7.390000e-01	1.246000e-04	5.549000e+01	1.716000e+07	6.649000e-04
