	Z	Ion	A	B	C	T0	T1	T2
72	14	99	2.100000e-09	7.401000e-01	5.845000e-04	2.523000e+01	1.842000e+07	6.600000e-04
