	Z	Ion	A	B	C	T0	T1	T2
71	14	98	7.532000e-10	7.072000e-01	1.850000e-02	8.860000e+01	1.997000e+07	6.949000e+05
