	Z	Ion	A	B	C	T0	T1	T2
70	14	97	4.615000e-10	6.753000e-01	3.560000e-02	1.143000e+02	2.377000e+07	8.595000e+05
