	Z	Ion	A	B	C	T0	T1	T2
69	14	96	2.468000e-10	6.113000e-01	6.360000e-02	1.649000e+02	3.231000e+07	9.837000e+05
