	Z	Ion	A	B	C	T0	T1	T2
68	14	95	5.134000e-11	3.678000e-01	1.646000e-01	1.009000e+03	8.514000e+07	1.084000e+06
