	Z	Ion	A	B	C	T0	T1	T2
67	14	94	6.739000e-11	4.931000e-01	1.667000e-01	2.166000e+02	4.491000e+07	9.046000e+05
