	Z	Ion	A	B	C	T0	T1	T2
66	14	93	1.964000e-10	6.287000e-01	1.523000e-01	7.712000e+00	2.951000e+07	4.804000e+05
