	Ion	r1	r2
11	92	5.900000e-13	6.000000e-01
