	Z	Initial_Ion	Initial Level	Final_Ion	Final Level	N	L	2S+1	Temperature	Rate
23180	26	0	1	351	32	12	0	2	2.585190e+00	1.753882e-09
23181	26	0	1	351	32	12	0	2	5.023800e+00	1.782380e-11
23182	26	0	1	351	32	12	0	2	5.885530e+00	1.981527e-12
23183	26	0	1	351	32	12	0	2	6.747260e+00	1.377209e-13
23184	26	0	1	351	32	12	0	2	6.893840e+00	8.317639e-14
