	Z	Initial_Ion	Initial Level	Final_Ion	Final Level	N	L	2S+1	Temperature	Rate
23180	26	0	1	351	32	12	0	2	3.000000e+00	-8.756000e+00
23181	26	0	1	351	32	12	0	2	5.829900e+00	-1.074900e+01
23182	26	0	1	351	32	12	0	2	6.829900e+00	-1.170300e+01
23183	26	0	1	351	32	12	0	2	7.829900e+00	-1.286100e+01
23184	26	0	1	351	32	12	0	2	8.000000e+00	-1.308000e+01
