	Z	Initial_Ion	Initial Level	Final_Ion	Final Level	N	L	2S+1	Temperature	Rate
23180	26	0	1	351	32	12	0	2	1.000000e+03	1.753882e-09
23181	26	0	1	351	32	12	0	2	6.759270e+05	1.782380e-11
23182	26	0	1	351	32	12	0	2	6.759270e+06	1.981527e-12
23183	26	0	1	351	32	12	0	2	6.759270e+07	1.377209e-13
23184	26	0	1	351	32	12	0	2	1.000000e+08	8.317639e-14
