	Ion	r1	r2
114	350	1.400000e-09	7.870000e-01
