	Z	Ion	A	B	C	T0	T1	T2
208	26	349	4.458000e-10	5.802000e-01	2.676000e-01	2.155000e+04	1.701000e+08	4.097000e-01
