	Z	Ion	Initial Level	Final Level	Temperature	Rate
20404	26	348	167	1	1.000000e+01	1.572000e+01
