	Z	Ion	A	B	C	T0	T1	T2
207	26	348	1.186000e-09	6.713000e-01	7.882000e-03	3.253000e+03	9.392000e+07	1.636000e-02
