	Z	Ion	A	B	C	T0	T1	T2
206	26	347	3.322000e-09	7.264000e-01	2.325000e-03	4.563000e+02	5.746000e+07	1.017000e-02
