	Z	Ion	Initial Level	Final Level	Temperature	Rate
20403	26	347	514	1	1.000000e+01	1.568000e+01
