	Z	Ion	Initial Level	Final Level	Temperature	Rate
20402	26	346	591	1	1.000000e+01	1.564000e+01
