	Z	Ion	A	B	C	T0	T1	T2
205	26	346	2.199000e-09	7.118000e-01	8.382000e-03	7.810000e+02	5.946000e+07	7.897000e-03
