	Z	Ion	Initial Level	Final Level	Temperature	Rate
20401	26	345	726	1	1.000000e+01	1.560000e+01
