	Z	Ion	A	B	C	T0	T1	T2
204	26	345	1.659000e-09	6.958000e-01	2.565000e-03	1.061000e+03	6.253000e+07	1.685000e-02
