	Z	Ion	A	B	C	T0	T1	T2
203	26	344	1.135000e-09	6.705000e-01	2.106000e-03	1.691000e+03	6.809000e+07	6.569000e-03
