	Z	Ion	Initial Level	Final Level	Temperature	Rate
20400	26	344	631	1	1.000000e+01	1.556000e+01
