	Z	Ion	A	B	C	T0	T1	T2
202	26	343	7.556000e-10	6.351000e-01	2.033000e-04	2.800000e+03	7.742000e+07	1.159000e-03
