	Z	Ion	Initial Level	Final Level	Temperature	Rate
20399	26	343	337	1	1.000000e+01	1.551000e+01
