	Z	Ion	A	B	C	T0	T1	T2
201	26	342	4.791000e-10	5.823000e-01	8.207000e-05	4.967000e+03	9.535000e+07	2.766000e-04
