	Z	Ion	A	B	C	T0	T1	T2
200	26	341	2.034000e-10	4.548000e-01	6.342000e-04	1.751000e+04	1.579000e+08	8.350000e-02
