	Z	Ion	A	B	C	T0	T1	T2
199	26	340	3.133000e-10	5.507000e-01	7.676000e-04	6.295000e+03	9.035000e+07	5.587000e-03
