	Z	Ion	A	B	C	T0	T1	T2
198	26	339	5.398000e-10	6.295000e-01	5.636000e-04	1.881000e+03	5.429000e+07	7.390000e-03
