	Ion	r1	r2
113	338	2.000000e-10	8.400000e-01
