	Ion	r1	r2
112	337	1.640000e-10	8.300000e-01
