	Ion	r1	r2
111	336	1.330000e-10	8.300000e-01
