	Ion	r1	r2
110	335	1.090000e-10	8.300000e-01
