	Ion	r1	r2
109	334	8.130000e-11	8.100000e-01
