	Ion	r1	r2
108	333	6.050000e-11	7.900000e-01
