	Ion	r1	r2
107	332	4.120000e-11	7.600000e-01
