	Ion	r1	r2
106	331	2.620000e-11	7.300000e-01
