	Ion	r1	r2
105	330	1.510000e-11	7.000000e-01
