	Ion	r1	r2
104	329	7.800000e-12	6.800000e-01
