	Ion	r1	r2
103	328	3.320000e-12	7.500000e-01
