	Ion	r1	r2
102	327	1.020000e-12	8.400000e-01
