	Z	Ion	Initial Level	Final Level	Temperature	Rate
20383	26	327	160	1	1.000000e+01	1.360000e+01
