	Ion	r1	r2
101	326	1.420000e-13	8.900000e-01
